,ticker,date,time,title,compound
0,TSLA,2022-06-05,12:10PM  ,Dow Jones Futures Due: Market Rally Looks To Rebound; Apple News On Tap,0.0
1,TSLA,2022-06-05,10:26AM  ,Dow Jones Futures: Market Rally Looks To Rebound From Key Levels; Apple News On Tap,0.0
2,TSLA,2022-06-05,10:24AM  ,Tesla Stock Vs. BYD Stock: Musk 'Super Bad' Warning Hits Tesla; EV Rival Races As Sales Hit High,-0.25
3,TSLA,2022-06-05,12:30AM  ,Energy & Precious Metals - Weekly Review and Outlook,0.7003
4,TSLA,2022-06-04,06:54PM  ,"UPDATE 1-Musk backtracks on job cuts, says Tesla salaried staff to be 'fairly flat'",-0.296
5,TSLA,2022-06-04,05:38PM  ,"Musk backtracks on job cuts, says Tesla salaried staff to be 'fairly flat'",-0.296
6,TSLA,2022-06-04,05:34PM  ,Musk says Tesla's total headcount will increase over next 12 months,0.3182
7,TSLA,2022-06-04,05:19PM  ,"Dow Jones Futures: What To Do As Market Rally Falls, Holds Key Levels; Apple News On Tap",0.0
8,TSLA,2022-06-04,03:00PM  ,Elon Musk Has an Original Idea to End Manager-Worker Divisions,0.3182
9,TSLA,2022-06-04,10:49AM  ,Why Tesla Stock Dropped 13% in May and Didn't Stop There,0.2235
10,TSLA,2022-06-04,10:26AM  ,Should Investors Be Worried About Tesla?,-0.296
11,TSLA,2022-06-04,07:00AM  ,What can CEOs see that we're missing?: Morning Brief,0.0
12,TSLA,2022-06-04,05:00AM  ,Tech and crypto firms experienced massive layoffs in May. Heres how bad it really is,-0.5423
13,TSLA,2022-06-04,02:14AM  ,Tesla's Employees Ordered to Return to Office,0.0
14,TSLA,2022-06-04,12:03AM  ,Rivians Great EV Expectations Meet the Harsh Reality of Manufacturing,0.296
15,TSLA,2022-06-03,06:56PM  ,10 Tech Stocks Making Headlines on Friday,0.0
16,TSLA,2022-06-03,04:44PM  ,"U.S. auto sales have reached 'recessionary levels,' new report states",0.1027
17,TSLA,2022-06-03,04:43PM  ,"Musk Seeks Tesla Job Cuts, But This 'Elephant In The Room' Remains",-0.1531
18,TSLA,2022-06-03,04:40PM  ,Why the 2023 Chevrolet Bolt is the cheapest EV in America,0.0
19,TSLA,2022-06-03,04:36PM  ,President Biden reacts to Elon Musk's comments about the U.S. economy,0.0
20,TSLA,2022-06-03,04:36PM  ,US STOCKS-Wall St ends down with strong jobs data keeping the pressure on for rate hikes,0.2732
21,TSLA,2022-06-03,04:32PM  ,"Stock Market Today - 6/3: Stocks End Lower After Jobs Data: Tesla, Apple, Micron Drag Tech",-0.4767
22,TSLA,2022-06-03,04:24PM  ,"Tesla, Apple, Microsoft, Peloton: All of tech companies hitting the brakes on hiring",0.0
23,TSLA,2022-06-03,04:14PM  ,"Why Shopify, Upstart, and DraftKings Fell Today",0.0
24,TSLA,2022-06-03,04:03PM  ,Stock market news live updates: Stocks drop after strong jobs data renews rate worries,-0.1531
25,TSLA,2022-06-03,04:00PM  ,US STOCKS-Wall St ends down with strong jobs data keeping the pressure on for rate hikes,0.2732
26,TSLA,2022-06-03,03:33PM  ,President Biden Chooses to Ease Tensions With Tesla's Musk,-0.0516
27,TSLA,2022-06-03,03:15PM  ,"Why Nvidia, Amazon, and Apple Stocks Slumped Friday",0.1779
28,TSLA,2022-06-03,02:57PM  ,US STOCKS-Wall St slides as solid jobs data supports rate hike bets,0.4767
29,TSLA,2022-06-03,02:56PM  ,Tesla layoffs catch the attention of U.S. Labor Secretary Marty Walsh,0.0
30,TSLA,2022-06-03,02:48PM  ,Musk Promises a Working Humanoid Robot in September,0.3818
31,TSLA,2022-06-03,02:24PM  ,"Why Nikola, Rivian, and Lucid Stocks Dropped Today",0.0
32,TSLA,2022-06-03,02:23PM  ,Bidenomics: Maybe it will all work out?,0.0
33,TSLA,2022-06-03,02:07PM  ,Analysis - Musk's warning could be auto industry's 'canary in the coal mine' moment,-0.34
34,TSLA,2022-06-03,01:42PM  ,Dow Jones Falls As Apple Crumbles; Tesla Stock Plunges As Elon Musk Does This; 2 Leaders Make Bullish Moves,0.0
35,TSLA,2022-06-03,01:34PM  ,Which Direction Is Tesla Headed Next?,0.0
36,TSLA,2022-06-03,01:20PM  ,US STOCKS-Wall St slides as solid jobs data supports rate hike bets,0.4767
37,TSLA,2022-06-03,01:00PM  ,Is Elon Musk Headed For Burnout With Tesla CEO's Risky Plan To Buy Twitter?,-0.2023
38,TSLA,2022-06-03,12:59PM  ,Musk Backs Billionaire Developer Caruso for LA Mayor,-0.0516
39,TSLA,2022-06-03,12:48PM  ,"Elon Musk Wants to Cut Tesla Staff. Thats Not What GM, Ford Are Doing.",-0.2732
40,TSLA,2022-06-03,12:43PM  ,"Top Millennial, Gen Z Stock Picks Shift To Energy Stocks; Top Pick Tesla Takes A Hit",0.5719
41,TSLA,2022-06-03,12:34PM  ,Why Tesla Stock Was Down Today,0.0
42,TSLA,2022-06-03,12:25PM  ,Bad news about hiring trends in tech is 'misleading': Economist,-0.5423
43,TSLA,2022-06-03,12:11PM  ,Dow slumps 300 points as stocks turn lower for week after strong May jobs report,0.2732
44,TSLA,2022-06-03,12:10PM  ,Tough Road Ahead For Rivian: Analyst; Is RIVN Stock A Buy?,-0.128
45,TSLA,2022-06-03,12:04PM  ,UPDATE 1-Biden wishes Elon Musk 'luck' on trip to the moon after job cut remark,-0.128
46,TSLA,2022-06-03,12:02PM  ,"Stock Market Rally Falls As Fed Signals More Big Rate Hikes; Salesforce, Tesla In Focus: Weekly Review",0.0
47,TSLA,2022-06-03,11:57AM  ,"Biden dismisses Elon Musks super bad feeling about economy, wishes SpaceX CEO lots of luck on his trip to the moon",0.6705
48,TSLA,2022-06-03,11:55AM  ,Biden wishes Elon Musk 'luck' on trip to the moon after job cut remark,-0.128
49,TSLA,2022-06-03,11:55AM  ,Did Elon Musk Just Issue a Warning About Tesla Stock?,-0.34
50,TSLA,2022-06-03,11:48AM  ,Why Nio Shares Are Sinking Today,0.296
51,TSLA,2022-06-03,11:44AM  ,Analysis-Elon Musk opens door to a Tesla talent exodus,0.4215
52,TSLA,2022-06-03,11:24AM  ,Tesla and Microsoft Stock Are Why One Manager Predicts More Market Pain,-0.5542
53,TSLA,2022-06-03,11:09AM  ,The Jobs Report Is Bad News for Anyone Betting on a Less-Aggressive Fed,-0.5423
54,TSLA,2022-06-03,11:04AM  ,Ford and Tesla Send a Big Warning to India,-0.34
55,TSLA,2022-06-03,10:54AM  ,Tesla stock drops after Elon Musk announces job cuts,-0.296
56,TSLA,2022-06-03,10:49AM  ,US STOCKS-Wall St slides as solid jobs data supports rate hike bets,0.4767
57,TSLA,2022-06-03,10:30AM  ,Tesla Fair Fund distributions established to pay 'harmed' investors,0.2263
58,TSLA,2022-06-03,10:27AM  ,"Ford, Tesla and a Key Market: One's in Talks, One's Walking Away",0.0
59,TSLA,2022-06-03,10:22AM  ,"Tesla and Apple drive down tech stocks, Coinbase among biggest crypto laggards",0.0
60,TSLA,2022-06-03,10:08AM  ,Did Tesla's Elon Musk Just Predict the Next Recession?,-0.4215
61,TSLA,2022-06-03,10:07AM  ,Tesla Faces Increase in Complaints Over Phantom Braking,-0.1027
62,TSLA,2022-06-03,10:01AM  ,Tesla Stock Is Dropping. Optimus the Robot Isnt Helping.,-0.2235
63,TSLA,2022-06-03,09:58AM  ,"Tesla Pauses Hiring as Musk Aims for 10% Staff Cut, Reuters Says",-0.2732
64,TSLA,2022-06-03,09:54AM  ,Twitter Says Regulatory Waiting Period for Musks Acquisition Bid Has Expired,0.0
65,TSLA,2022-06-03,09:44AM  ,Dow Jones Sells Off After Jobs Report; Tesla Tumbles On Elon Musk Warning,-0.34
66,TSLA,2022-06-03,09:37AM  ,Hedge Funds are Selling These 10 Cathie Wood Stocks,0.0
67,TSLA,2022-06-03,09:23AM  ,"Tesla, Coinbase become latest companies to announce hiring freezes",-0.0258
68,TSLA,2022-06-03,09:21AM  ,10 Stocks Getting Crushed by Global Supply Chain Crisis,-0.7845
69,TSLA,2022-06-03,09:17AM  ,"US STOCKS-Wall Street set to fall after Musk's warning, strong jobs data",0.2263
70,TSLA,2022-06-03,09:07AM  ,Tesla plans 10% job cut as Musk feels 'super bad' about economy,-0.1779
71,TSLA,2022-06-03,08:21AM  ,"Twitter stock rises, Tesla falls after HRT waiting period on Musk's buyout deal expired",0.0
72,TSLA,2022-06-03,08:21AM  ,Tesla Investors Should Get Ready for a Bumpy Day. Optimus the Robot Wont Help.,0.0624
73,TSLA,2022-06-03,08:17AM  ,UPDATE 1-U.S. NHTSA asks Tesla to respond by June 20 in brake activation probe,0.0
74,TSLA,2022-06-03,08:06AM  ,Dow Jones Futures Fall: 'Super Bad' Elon Musk Warning Hits Tesla; Market Rally Awaits Jobs Report,-0.1779
75,TSLA,2022-06-03,08:00AM  ,Is Elon Musk Headed For Burnout With Tesla CEO's Risky Plan To Buy Twitter?,-0.2023
76,TSLA,2022-06-03,07:56AM  ,U.S. NHTSA asks Tesla to respond by June 20 in brake activation probe,0.0
77,TSLA,2022-06-03,07:34AM  ,Elon Musk Has a Bad Feeling. His Gloomy Outlook Adds to Recession Worries.,-0.8481
78,TSLA,2022-06-03,07:25AM  ,US STOCKS-Futures slide after Musk's warning on economy; jobs data in focus,-0.34
79,TSLA,2022-06-03,06:50AM  ,Tesla vs. the S&P 500: Which Is the Better First Investment?,0.4404
80,TSLA,2022-06-03,06:27AM  ,"Tesla Stock Slumps As Elon Musk Has 'Super Bad Feeling' On Economy, Seeks Job Cuts - Report",-0.0772
81,TSLA,2022-06-03,06:08AM  ,"Stocks Lower, Jobs Data, Tesla, Lululemon In Focus and 'Moorhen' Wins National Spelling Bee - 5 Things You Must Know",0.3612
82,TSLA,2022-06-03,05:58AM  ,Elon Musk says epic Tesla robot Optimus will be unveiled at AI event,0.0
83,TSLA,2022-06-03,05:58AM  ,Futures slide after Musk's warning on economy; jobs data in focus,-0.34
84,TSLA,2022-06-03,05:55AM  ,US STOCKS-Futures slide after Musk's warning on economy,-0.34
85,TSLA,2022-06-03,05:35AM  ,Tesla shares drop after report Musk wants 10% job cuts amid super bad feeling about economy,-0.0516
86,TSLA,2022-06-03,05:00AM  ,Instant View: Elon Musk's 'super bad feeling' about the economy,0.2263
87,TSLA,2022-06-03,04:07AM  ,"Like something out of the 1950s. Aussie tech giant CEO, Musk trade jabs over remote-working ban.",-0.2732
88,TSLA,2022-06-03,03:59AM  ,Elon Musk cuts one in ten jobs at Tesla after super bad feeling about the economy,-0.0772
89,TSLA,2022-06-03,03:07AM  ,"Exclusive-Musk feels 'super bad' about economy, needs to cut 10% of Tesla jobs",-0.1779
90,TSLA,2022-06-03,02:27AM  ,REFILE-UPDATE 1-Panasonic finalising choice of U.S. state for battery plant - exec,0.0
91,TSLA,2022-06-03,12:34AM  ,Teslas Stock Slide Has Korean Day Traders Boosting Purchases,0.34
92,TSLA,2022-06-03,12:33AM  ,Australian tech billionaire takes on Elon Musk's 'return to office' directive,0.0
93,TSLA,2022-06-03,12:28AM  ,CORRECTED-Australian tech billionaire takes on Elon Musk's 'return to office' directive,0.0
94,TSLA,2022-06-02,09:31PM  ,Elon Musk says Tesla AI Day pushed to Sept 30,0.0
95,TSLA,2022-06-02,09:27PM  ,Elon Musk says Tesla AI Day pushed to Sept 30,0.0
96,TSLA,2022-06-02,06:48PM  ,Elon Musk Revives Debate Over CIA Spying,0.3818
97,TSLA,2022-06-02,05:33PM  ,Tesla CEO Elon Musk unloads on remote work. But experts say it's here to stay.,0.0
98,TSLA,2022-06-02,04:35PM  ,Why Tesla Stock Did a U-Turn Today,0.0
99,TSLA,2022-06-02,04:23PM  ,Market check: Stocks gain momentum into the closing bell,0.5267
100,NVDA,2022-06-04,09:31AM  ,Author Christine Porath on the Importance of Respect,0.6808
101,NVDA,2022-06-04,06:00AM  ,Is This Bad News for Nvidia?,-0.5423
102,NVDA,2022-06-03,04:24PM  ,"Tesla, Apple, Microsoft, Peloton: All of tech companies hitting the brakes on hiring",0.0
103,NVDA,2022-06-03,03:20PM  ,"How To Invest: Nvidia, GOOGL Reveal 3-Step Routine For Bull And Bear Markets",0.0
104,NVDA,2022-06-03,03:15PM  ,"Why Nvidia, Amazon, and Apple Stocks Slumped Friday",0.1779
105,NVDA,2022-06-03,02:25PM  ,"Nvidia, ON Semi, AMD Among Bank of America's Top Chip Stocks",0.2023
106,NVDA,2022-06-03,12:43PM  ,"Top Millennial, Gen Z Stock Picks Shift To Energy Stocks; Top Pick Tesla Takes A Hit",0.5719
107,NVDA,2022-06-03,12:25PM  ,Bad news about hiring trends in tech is 'misleading': Economist,-0.5423
108,NVDA,2022-06-03,11:07AM  ,Nvidia Stock Looks Cheap After Recent Stellar Earnings,0.0
109,NVDA,2022-06-03,09:30AM  ,Separating Signal From Noise in the Metaverse,0.0
110,NVDA,2022-06-03,09:21AM  ,10 Stocks Getting Crushed by Global Supply Chain Crisis,-0.7845
111,NVDA,2022-06-03,08:53AM  ,"Stock Market News for June 3, 2022",0.0
112,NVDA,2022-06-03,08:20AM  ,3 Robinhood Stocks to Buy Right Now,0.0
113,NVDA,2022-06-02,04:23PM  ,Market check: Stocks gain momentum into the closing bell,0.5267
114,NVDA,2022-06-02,04:20PM  ,"US STOCKS-Wall Street ends sharply higher, led by Tesla and Nvidia",0.0
115,NVDA,2022-06-02,04:00PM  ,"US STOCKS-Wall Street ends sharply higher, led by Tesla and Nvidia",0.0
116,NVDA,2022-06-02,02:25PM  ,"US STOCKS-Wall Street rallies, lifted by Tesla and Nvidia",0.0
117,NVDA,2022-06-02,12:26PM  ,"Apple WWDC event: What to expect from iPhone changes, new hardware",0.0
118,NVDA,2022-06-02,12:10PM  ,Why Nvidia Stock Was Up More Than 5% This Morning,0.0
119,NVDA,2022-06-02,10:15AM  ,2 of the Nasdaq's Best Long-Term Buys Right Now,0.6369
120,NVDA,2022-06-02,08:15AM  ,Why You Might Regret Not Buying Nvidia on the Dip,-0.4215
121,NVDA,2022-06-02,07:45AM  ,"1 Green Flag for Nvidia in 2022, and 1 Red Flag",0.0
122,NVDA,2022-06-02,07:25AM  ,"Down 48%, Is Nvidia Stock a Buy, Sell, or Hold?",0.0
123,NVDA,2022-06-02,07:02AM  ,Better Buy: Nvidia vs. AMD,0.4404
124,NVDA,2022-06-02,05:21AM  ,"3 Cryptocurrency Stocks With Up to 439% Upside, According to Wall Street",0.0
125,NVDA,2022-06-01,01:58PM  ,"BofA Picks Nvidia As Top Pick; Expresses Bullishness On Marvell, AMD, ON Semiconductor",0.2023
126,NVDA,2022-06-01,11:34AM  ,Nvidia's Potential Is Massive as 2 New Data Center Types Emerge,0.0
127,NVDA,2022-06-01,11:25AM  ,9 Dividend Stocks to Buy According to Hari Hariharans NWI Management,0.0
128,NVDA,2022-06-01,11:20AM  ,Nvidia Is Named a Top Semi Stock at BofA. Heres What It Likes About the Stock.,0.5574
129,NVDA,2022-06-01,10:00AM  ,Why AMD and Nvidia Investors Should Be Excited This Week,0.34
130,NVDA,2022-06-01,08:22AM  ,"If You Invested $10,000 in Nvidia 10 Years Ago, This Is How Much You Would Have Today",0.0
131,NVDA,2022-06-01,08:20AM  ,Artificial Intelligence Stocks To Buy And Watch: AI Software Market Booms,0.4767
132,NVDA,2022-06-01,07:15AM  ,Is It Too Late to Buy Nvidia Stock?,0.0
133,NVDA,2022-06-01,07:00AM  ,3 Stocks to Take Advantage of the Increased Spending in Data Centers,0.4767
134,NVDA,2022-05-31,05:59PM  ,A late-May rally in stocks isn't cause for investor celebration just yet,0.0
135,NVDA,2022-05-31,03:55PM  ,5 large companies that will emerge from the tech wreck as even more fearsome,-0.7089
136,NVDA,2022-05-31,03:24PM  ,"Market check: Stocks turn lower, Treasury yields rise in choppy session",-0.1027
137,NVDA,2022-05-31,12:35PM  ,Why Nvidia Stock Stumbled on Tuesday,0.0
138,NVDA,2022-05-31,10:54AM  ,"Cathie Wood Watch: Ark Piles Into Nvidia, Buys an AI Biotech",0.0
139,NVDA,2022-05-31,10:47AM  ,AMD Powers World's Fastest Supercomputer With Hewlett Packard,0.0
140,NVDA,2022-05-31,08:33AM  ,"GameStop, Salesforce, Netflix, Alphabet, Nvidia, and Other Stocks to Watch This Week",0.0
141,NVDA,2022-05-31,08:20AM  ,Dow Jones Futures Signal Losses For Market Rally; Should You Be Aggressive?,-0.5106
142,NVDA,2022-05-31,05:06AM  ,"Qualcomm Keen to Buy Arm Stake in Chip Designers Upcoming IPO, CEO Says",0.3612
143,NVDA,2022-05-31,04:59AM  ,"Moody's revises SoftBank outlook to 'negative' citing tech slide, leverage",0.0
144,NVDA,2022-05-30,03:05PM  ,JPMorgan says the market bottom is near as corporate buybacks skyrocket  here are 3 high-upside stocks to play that bullish sentiment,0.34
145,NVDA,2022-05-30,02:49PM  ,Microsoft Joins the Tech Sector Hiring Slowdown,0.0
146,NVDA,2022-05-30,12:30PM  ,Top Global Systems Makers Accelerate Adoption of NVIDIA Grace and Grace Hopper,0.7506
147,NVDA,2022-05-30,09:13AM  ,"Nvidia's 'transformation' is 'underappreciated,' BofA analysts say",0.0
148,NVDA,2022-05-30,09:00AM  ,NVIDIA Corporation (NVDA) is Attracting Investor Attention: Here is What You Should Know,0.4767
149,NVDA,2022-05-30,06:56AM  ,"Yes, the Crypto Crash Is Hurting Nvidia",-0.4019
150,NVDA,2022-05-29,03:28PM  ,The 2 Smartest Tech Stocks to Buy in 2022 and Beyond,0.6124
151,NVDA,2022-05-29,03:00PM  ,"GameStop, Salesforce, Netflix, Alphabet, Nvidia, and Other Stocks for Investors to Watch This Week",0.0
152,NVDA,2022-05-28,08:49AM  ,7 Blue-Chip Stocks to Buy at an All-Time Low,-0.2732
153,NVDA,2022-05-28,07:32AM  ,Semiconductor Supply Glut Coming? 3 Chip Stocks to Sell Now.,0.0
154,NVDA,2022-05-27,06:27PM  ,Dow Jones Futures: How Aggressive Should You Be As Market Rally Keeps Rising?,-0.1531
155,NVDA,2022-05-27,04:20PM  ,NVIDIA Recommends Stockholders Reject Mini-Tender Offer by Tutanota LLC,-0.2023
156,NVDA,2022-05-27,02:49PM  ,Yahoo U: How America's top executives think the economy will tip into recession,-0.25
157,NVDA,2022-05-27,01:55PM  ,"Cathie Wood Watch: Buys Nvidia, Organ-Transplant-Services Provider",0.0
158,NVDA,2022-05-27,12:25PM  ,Why Nvidia Stock Jumped Another 3.5% Today,0.0
159,NVDA,2022-05-27,11:03AM  ,Qualcomm CEO: The market is making 'an absolute mistake' on our stock,-0.34
160,NVDA,2022-05-27,10:53AM  ,"Market Rally Confirmed As Macy's, Dollar Tree Lead Retail Revival, Albemarle, Broadcom In Focus: Weekly Review",0.0
161,NVDA,2022-05-27,09:16AM  ,Better Buy: Nvidia Stock or Every Nasdaq Stock?,0.4404
162,NVDA,2022-05-27,08:55AM  ,2 Top Tech Stocks to Buy for the Long Haul,0.2023
163,NVDA,2022-05-27,08:52AM  ,"Company News for May 27, 2022",0.0
164,NVDA,2022-05-27,08:12AM  ,Dow Jones Futures Rise After Big Market Rally; Here's What To Do Now,0.0
165,NVDA,2022-05-27,07:35AM  ,Nvidia's Profit Has More Room to Run Thanks to This Technology,0.7003
166,NVDA,2022-05-27,07:31AM  ,Why Doesn't Nvidia Want to Talk About Cryptocurrency Miners?,-0.0572
167,NVDA,2022-05-27,07:30AM  ,Everything I Liked and Hated About Nvidia's Earnings,-0.34
168,NVDA,2022-05-26,07:55PM  ,"Nvidia Stock Is Too Cheap to Ignore, Says Analyst",-0.3612
169,NVDA,2022-05-26,04:23PM  ,"Stocks bounce back from market sell-off, consumer discretionary sector adds to yesterdays gains",0.34
170,NVDA,2022-05-26,04:21PM  ,"Dow ends higher for 5th day, scoring longest win streak in 2 months as consumer and tech sectors recover",0.5859
171,NVDA,2022-05-26,03:27PM  ,11 Stocks Drawing Attention on Quarterly Results,0.0
172,NVDA,2022-05-26,03:25PM  ,Buy Broadcom as It Plans $61B VMWare Deal? The Chart Hints.,0.0
173,NVDA,2022-05-26,02:13PM  ,Is Nvidias gaming forecast the cut that Wall Street has been looking for?,-0.2732
174,NVDA,2022-05-26,02:00PM  ,Why Nvidia Stock Was Up Today,0.0
175,NVDA,2022-05-26,01:45PM  ,Nvidia Stock: Investors Are Buying the Dip. Where From Here?,0.0
176,NVDA,2022-05-26,01:15PM  ,Nvidia and AMD Among Bank of America Favorite Chip Stocks,0.4588
177,NVDA,2022-05-26,01:07PM  ,Nvidias Biggest Risk Still Lies Ahead. Why the Stocks Slide May Not Be Over.,-0.5994
178,NVDA,2022-05-26,12:42PM  ,Nvidia CEO names 2 big challenges after disappointing guidance,-0.4404
179,NVDA,2022-05-26,12:38PM  ,"Stock Market Gains As Jobless Claims Drop; Nvidia, Retailers Rebound On Earnings",0.0772
180,NVDA,2022-05-26,11:26AM  ,"Nvidia stock rebounds after chipmaker reported revenue hit from China, Russia",0.0
181,NVDA,2022-05-26,10:51AM  ,Why Nvidia's gaming chip is pretty bullish for the stock: Analyst,0.4939
182,NVDA,2022-05-26,10:33AM  ,How To Invest In Stocks In A Bear Market: Protect And Prepare With 3-Step Routine,0.3818
183,NVDA,2022-05-26,10:29AM  ,Stock Market Climbs More Than 1% As Retail Bounces; These 4 Oil Stocks Top Buy Points,0.2023
184,NVDA,2022-05-26,10:15AM  ,Nvidia Sinks on Dismal Guidance: ETFs in Focus,-0.6124
185,NVDA,2022-05-26,10:14AM  ,No tech sector appears safe from the spring swoon,0.1779
186,NVDA,2022-05-26,10:00AM  ,Is Nvidia a Buy or a Sell After Q1 Earnings?,0.0
187,NVDA,2022-05-26,09:47AM  ,Dow Jones Rallies As Nvidia Slashes Losses; Twitter Jumps As Musk Raises Financing,-0.5423
188,NVDA,2022-05-26,09:32AM  ,"Nvidia beats on earnings, forecast falls short",0.0
189,NVDA,2022-05-26,09:31AM  ,I Still Dig Nvidia After Digging Into Its Latest Results,0.0
190,NVDA,2022-05-26,09:25AM  ,Nvidia Stock Down After Earnings -- Is NVDA Stock a Buy Now?,0.0
191,NVDA,2022-05-26,09:16AM  ,US STOCKS-Wall St set for higher open on earnings optimism,0.5423
192,NVDA,2022-05-26,08:58AM  ,WRAPUP 2-Global firms warn of sluggish China demand due to lengthy COVID curbs,-0.5574
193,NVDA,2022-05-26,08:36AM  ,Nvidia Stock Is Falling After Earnings. Its Just One More Big Tech Disappointment.,-0.6326
194,NVDA,2022-05-26,08:32AM  ,2 More Tumbling Tech Stocks Aren't Holding the Nasdaq Back,0.0
195,NVDA,2022-05-26,08:07AM  ,"Dow Jones Futures Rise As Market Rally Needs This; Broadcom To Buy VMware; Twitter, Nvidia Are Key Movers",0.0
196,NVDA,2022-05-26,07:43AM  ,"NVIDIA (NVDA) Q1 Earnings Beat, Stock Falls on Dim Q2 Guidance",0.0
197,NVDA,2022-05-26,07:30AM  ,"Want $1 Million in Retirement? Invest $50,000 in These 3 Stocks and Wait a Decade",0.0772
198,NVDA,2022-05-26,06:00AM  ,A timeless bear market rule explains why dip buyers can't get a break: Morning Brief,0.0
199,NVDA,2022-05-25,07:34PM  ,Nvidia Stock Sank in After-Hours Trading Today -- Here's Why the Stock Could Be a Solid Buy,0.1531
200,AMD,2022-06-04,09:42AM  ,3 Top Metaverse Stocks to Buy in June,0.2023
201,AMD,2022-06-03,08:45PM  ,AMD: Heres What to Expect Ahead of Analyst Day,0.0
202,AMD,2022-06-03,07:01PM  ,Where GM Is Creating Its EV Future: Factory Zero,0.296
203,AMD,2022-06-03,02:37PM  ,AMD Stock Broke Out -- but Buyers Could Have a Second Chance,0.1531
204,AMD,2022-06-03,12:43PM  ,"Top Millennial, Gen Z Stock Picks Shift To Energy Stocks; Top Pick Tesla Takes A Hit",0.5719
205,AMD,2022-06-03,12:18PM  ,"Top Research Reports for Roche, Philip Morris & HSBC",0.2023
206,AMD,2022-06-03,09:57AM  ,Why Advanced Micro Devices Rose 19.1% in May,0.25
207,AMD,2022-06-03,08:01AM  ,AMD Powers the Fastest and the Most Energy Efficient Supercomputers in the World,0.6674
208,AMD,2022-06-03,07:52AM  ,"Period of Adjustment, Jobs Watch, Chipper Chips, Muted Volume, RH Deep Dive",0.0
209,AMD,2022-06-03,07:00AM  ,3 Best Semiconductor Stocks to Buy for June 2022,0.6369
210,AMD,2022-06-03,06:30AM  ,7 Long-Term Stocks to Buy That Wall Street Analysts Agree On,0.3612
211,AMD,2022-06-03,06:00AM  ,Is Downtrodden Nvidia Stock a Buy Now?,0.0
212,AMD,2022-06-02,04:31PM  ,"4 Top Stock Trades for Friday: AMD, MSFT, DDOG, FB",0.2023
213,AMD,2022-06-02,03:44PM  ,What Sheryl Sandbergs departure means for women in tech,0.0
214,AMD,2022-06-02,12:10PM  ,Why Nvidia Stock Was Up More Than 5% This Morning,0.0
215,AMD,2022-06-02,11:31AM  ,Advanced Micro (AMD) Up 1.8% Since Last Earnings Report: Can It Continue?,0.25
216,AMD,2022-06-02,11:16AM  ,"Zacks Investment Ideas feature highlights: Advanced Micro Devices, ON Semiconducto, and Taiwan Semiconductor Manufacturing",0.25
217,AMD,2022-06-02,10:39AM  ,Hedge Funds are Buying These 10 Semiconductor Stocks in 2022,0.0
218,AMD,2022-06-02,09:02AM  ,AMD Expands High Performance Compute Fund to Aid Researchers Solving the World's Toughest Challenges,0.4215
219,AMD,2022-06-02,09:00AM  ,"AMD to Host Financial Analyst Day on June 9, 2022",0.0
220,AMD,2022-06-02,07:02AM  ,Better Buy: Nvidia vs. AMD,0.4404
221,AMD,2022-06-01,05:45PM  ,Advanced Micro Devices (AMD) Stock Moves -0.63%: What You Should Know,0.25
222,AMD,2022-06-01,03:35PM  ,3 Chip Stocks Perfect For Long-Term Investors,0.5719
223,AMD,2022-06-01,01:58PM  ,"BofA Picks Nvidia As Top Pick; Expresses Bullishness On Marvell, AMD, ON Semiconductor",0.2023
224,AMD,2022-06-01,10:33AM  ,3 Unstoppable Growth Stocks to Buy if There's a Stock Market Sell-Off,0.2023
225,AMD,2022-06-01,10:00AM  ,Why AMD and Nvidia Investors Should Be Excited This Week,0.34
226,AMD,2022-06-01,09:00AM  ,AMD Expands High Performance Compute Fund to Aid Researchers Solving the Worlds Toughest Challenges,0.4215
227,AMD,2022-06-01,07:15AM  ,Is It Too Late to Buy Nvidia Stock?,0.0
228,AMD,2022-06-01,07:00AM  ,3 Stocks to Take Advantage of the Increased Spending in Data Centers,0.4767
229,AMD,2022-06-01,06:20AM  ,Is iShares Semiconductor ETF (SOXX) a Strong ETF Right Now?,0.5106
230,AMD,2022-05-31,05:59PM  ,A late-May rally in stocks isn't cause for investor celebration just yet,0.0
231,AMD,2022-05-31,11:07AM  ,Tech Sell-Off: 2 Semiconductor Growth Stocks to Buy as the Market Rebounds,0.3818
232,AMD,2022-05-31,10:47AM  ,AMD Powers World's Fastest Supercomputer With Hewlett Packard,0.0
233,AMD,2022-05-31,09:00AM  ,"Advanced Micro Devices, Inc. (AMD) is Attracting Investor Attention: Here is What You Should Know",0.6249
234,AMD,2022-05-30,12:17PM  ,HPE announces world's fastest supercomputer,0.0
235,AMD,2022-05-30,09:33AM  ,Jim Simons Portfolio in 2022: Top 10 Stock Picks,0.2023
236,AMD,2022-05-30,03:00AM  ,Worlds First Exascale Supercomputer Powered by AMD EPYC Processors and AMD Instinct Accelerators,0.0
237,AMD,2022-05-29,06:00AM  ,"This Tech Stock Expects a Strong 2022, Despite Supply Chain Issues",0.5106
238,AMD,2022-05-28,10:00AM  ,AMD Investors Should Be Excited About These 3 Things,0.34
239,AMD,2022-05-28,06:45AM  ,This Semiconductor Stock Is Leading the Pack,0.0
240,AMD,2022-05-27,11:03AM  ,Qualcomm CEO: The market is making 'an absolute mistake' on our stock,-0.34
241,AMD,2022-05-27,07:31AM  ,Why Doesn't Nvidia Want to Talk About Cryptocurrency Miners?,-0.0572
242,AMD,2022-05-27,06:23AM  ,7 Stock Picks That Are Killing It Despite the Dicey Economy,-0.6597
243,AMD,2022-05-26,06:33PM  ,Why AMD Stock Popped Today,0.0
244,AMD,2022-05-26,04:55PM  ,Broadcom to Buy VMware for $61 Billion in Record Chip Deal,0.0
245,AMD,2022-05-26,03:29PM  ,"After Post-Earnings Rally, AMD Stock is Slumping Again  Is It a Buy Now?",0.0
246,AMD,2022-05-26,03:09PM  ,AMD Stock Is a Buy After Nvidias Earnings,0.0
247,AMD,2022-05-26,12:42PM  ,Nvidia CEO names 2 big challenges after disappointing guidance,-0.4404
248,AMD,2022-05-26,10:51AM  ,Why Nvidia's gaming chip is pretty bullish for the stock: Analyst,0.4939
249,AMD,2022-05-26,09:00AM  ,AMD Instinct MI200 Adopted for Large-Scale AI Training in Microsoft Azure,0.0
250,AMD,2022-05-26,08:47AM  ,AMD Expands Data Center Solutions Capabilities with Acquisition of Pensando,0.2732
251,AMD,2022-05-26,08:07AM  ,"Dow Jones Futures Rise As Market Rally Needs This; Broadcom To Buy VMware; Twitter, Nvidia Are Key Movers",0.0
252,AMD,2022-05-25,05:39PM  ,"Nvidia Revenue Forecast Letdown Sends AMD, Chipmakers Lower",-0.296
253,AMD,2022-05-25,04:39PM  ,Nvidia stock falls after missing on second-quarter guidance,-0.296
254,AMD,2022-05-25,04:25PM  ,"Nvidia falls short on guidance, stock down 9% after hours",0.0
255,AMD,2022-05-25,09:00AM  ,Is the Options Market Predicting a Spike in Advanced Micro Devices (AMD) Stock?,0.25
256,AMD,2022-05-25,09:00AM  ,AMD Expands Confidential Computing Presence on Google Cloud,0.1027
257,AMD,2022-05-25,07:15AM  ,"Got $3,000? These Supercharged Stocks Can Triple Your Money in a Decade",0.0
258,AMD,2022-05-24,12:18PM  ,"Why Micron, AMD, and Nvidia Stocks Retreated Today",0.0
259,AMD,2022-05-24,10:00AM  ,2 Semiconductor Stocks You Don't Want to Miss,0.0572
260,AMD,2022-05-23,03:35PM  ,Nvidia Q1 Preview: Another EPS Beat in Store?,0.0
261,AMD,2022-05-23,01:59PM  ,AMD Stock Chart: Can It Get a Boost From Nvidia's Earnings Report?,0.4019
262,AMD,2022-05-23,10:15AM  ,"Chip shortage is halfway through, Intel CEO says",-0.25
263,AMD,2022-05-23,02:30AM  ,"AMD Showcases Industry-Leading Gaming, Commercial, and Mainstream PC Technologies at COMPUTEX 2022",0.0
264,AMD,2022-05-21,12:23PM  ,Nvidias data-center sales likely to eclipse gaming  that might not be a good thing,-0.3412
265,AMD,2022-05-20,09:05AM  ,10 Best Buy-the-Dip Tech Stocks According to Billionaire Ken Fisher,0.6369
266,AMD,2022-05-20,09:00AM  ,"Advanced Micro Devices, Inc. (AMD) Is a Trending Stock: Facts to Know Before Betting on It",0.25
267,AMD,2022-05-20,09:00AM  ,AMD Chair and CEO Dr. Lisa Su to Keynote at COMPUTEX 2022,0.0
268,AMD,2022-05-20,07:25AM  ,Better Semiconductor Stock: AMD or Qualcomm,0.4404
269,AMD,2022-05-19,06:35PM  ,Why AMD Investors Can Sleep Soundly,0.0
270,AMD,2022-05-19,03:00PM  ,Nvidia Stock Is Less Than Half Its Recent High. Is It Now a Buy?,0.0
271,AMD,2022-05-19,12:36PM  ,"AMD's Latest GPUs Could Disappoint, per Speculation",-0.4019
272,AMD,2022-05-19,12:01PM  ,7 of the Biggest Bargain Stocks to Buy Right Now,0.2023
273,AMD,2022-05-19,11:21AM  ,Why You May Regret Not Buying AMD Stock Right Now,-0.4215
274,AMD,2022-05-19,09:00AM  ,AMD Selects Google Cloud to Provide Additional Scale for Chip Design Workloads,0.0
275,AMD,2022-05-19,07:09AM  ,"The Zacks Analyst Blog Highlights Alibaba, McDonald, Advanced Micro Devices, Abbott Laboratories, and Vertex Pharmaceuticals",0.25
276,AMD,2022-05-19,06:20AM  ,Is First Trust Technology AlphaDEX ETF (FXL) a Strong ETF Right Now?,0.765
277,AMD,2022-05-19,06:00AM  ,3 Reasons Why It's a Great Time to Be an AMD Investor,0.6249
278,AMD,2022-05-18,04:21PM  ,"Why Advanced Micro Devices, Qualcomm, and Micron Technology Fell Today",0.25
279,AMD,2022-05-18,02:53PM  ,"Top Stock Reports for Alibaba, McDonald's & Advanced Micro Devices",0.4215
280,AMD,2022-05-18,11:02AM  ,AMD Ranking Rises in 100 Best Corporate Citizens,0.6369
281,AMD,2022-05-18,09:50AM  ,Here's Why Advanced Micro Devices (AMD) is a Strong Momentum Stock,0.6486
282,AMD,2022-05-18,08:30AM  ,Here's How Much You'd Have If You Invested $1000 in Advanced Micro Devices a Decade Ago,0.25
283,AMD,2022-05-18,07:33AM  ,"Trading These Markets, April Data, Fed Speak, AMD Moves",0.0
284,AMD,2022-05-17,05:17PM  ,Why Nvidia Stock Shot Higher on Tuesday,0.0
285,AMD,2022-05-17,04:11PM  ,"AMD, Other Chip Stocks Looking More Attractive After Sell-Off: Analyst",0.4927
286,AMD,2022-05-17,03:32PM  ,"Are Advanced Micro Devices, Inc.'s (NASDAQ:AMD) Fundamentals Good Enough to Warrant Buying Given The Stock's Recent Weakness?",0.2732
287,AMD,2022-05-17,03:25PM  ,"Here's why Pensando agreed to $1.9B AMD deal, according to Chairman John Chambers",0.2732
288,AMD,2022-05-17,03:25PM  ,10 Stocks Gaining Ground on Tuesday,0.4215
289,AMD,2022-05-17,03:22PM  ,Market check: Stocks extend into the green amid Jerome Powell comments on inflation,0.1779
290,AMD,2022-05-17,02:01PM  ,Investors Are Jumping on the Bandwagon With These 2 Nasdaq Stocks,0.0
291,AMD,2022-05-17,01:52PM  ,Why Advanced Micro Devices Stock Advanced 8% Today,0.4588
292,AMD,2022-05-17,12:46PM  ,Qualcomm and 3 Other Chip Stocks to Buy on the Sectors Surprising Drop,0.0
293,AMD,2022-05-17,12:29PM  ,Advanced Micro Devices Stock Is in Neutral Territory,0.25
294,AMD,2022-05-17,11:07AM  ,"Stocks making moves today: Walmart, Home Depot, Paramount, Tesla",0.0
295,AMD,2022-05-17,10:33AM  ,AMD stock climbs after analyst upgrades shares to Buy,0.296
296,AMD,2022-05-17,09:01AM  ,AMD Robotics Starter Kit Kick-Starts the Intelligent Factory of the Future,0.4588
297,AMD,2022-05-17,09:00AM  ,AMD and Qualcomm Collaborate to Optimize FastConnect Connectivity Solutions for AMD Ryzen Processors,0.5994
298,AMD,2022-05-17,03:35AM  ,"Home Depot, Citigroup, United Airlines Rise Premarket; Walmart, Twitter Fall",0.4215
299,AMD,2022-05-16,03:40PM  ,10 Battered Tech Stocks Advisors Should Consider for Clients,0.0
